<?xml version="1.0" encoding="UTF-8" standalone="yes"?>
<parameters>
<parameter name="ANALOG_SEARCH">0</parameter>
<parameter name="CLUSTER_MIN_SIZE">1</parameter>
<parameter name="CREATE_CLUSTER_BUCKETS">1</parameter>
<parameter name="CREATE_ILI_OUTPUT">0</parameter>
<parameter name="CREATE_TOPOLOGY_SIGNATURES">0</parameter>
<parameter name="FILTER_LIBRARY">1</parameter>
<parameter name="FILTER_PRECURSOR_WINDOW">1</parameter>
<parameter name="FILTER_STDDEV_PEAK_INT">0.0</parameter>
<parameter name="FIND_MATCHES_IN_PUBLIC_DATA">0</parameter>
<parameter name="MAXIMUM_COMPONENT_SIZE">100</parameter>
<parameter name="MAX_SHIFT_MASS">100.0</parameter>
<parameter name="MIN_MATCHED_PEAKS">3</parameter>
<parameter name="MIN_MATCHED_PEAKS_SEARCH">6</parameter>
<parameter name="MIN_PEAK_INT">0.0</parameter>
<parameter name="PAIRS_MIN_COSINE">0.65</parameter>
<parameter name="RUN_MSCLUSTER">off</parameter>
<parameter name="SCORE_THRESHOLD">0.7</parameter>
<parameter name="TOPK">10</parameter>
<parameter name="WINDOW_FILTER">1</parameter>
<parameter name="desc">Psoriasis 0.015 Da Cos 0.65 MMFI 3 MMP6 Cos 0.7 OK</parameter>
<parameter name="email">lnothiasscaglia@ucsd.edu</parameter>
<parameter name="library_on_server">d.speclibs;d.staticlibs/NIST_17;d.staticlibs/Metlin;d.staticlibs/Lipidblast;</parameter>
<parameter name="spec_on_server">f.lfnothias/1807_Psoriasis/MZmine/1807_Psoriasis_GNPS_v2.mgf;</parameter>
<parameter name="task">da730cb634c041738528a9b4b6aadaee</parameter>
<parameter name="tolerance.Ion_tolerance">0.015</parameter>
<parameter name="tolerance.PM_tolerance">0.015</parameter>
<parameter name="upload_file_mapping">spec-00000.mgf|lfnothias/1807_Psoriasis/MZmine/1807_Psoriasis_GNPS_v2.mgf</parameter>
<parameter name="upload_file_mapping">lib-00000.mgf|speclibs/MIADB/MIADB.mgf</parameter>
<parameter name="upload_file_mapping">lib-00001.mgf|speclibs/GNPS-NIH-NATURALPRODUCTSLIBRARY_ROUND2_POSITIVE/GNPS-NIH-NATURALPRODUCTSLIBRARY_ROUND2_POSITIVE.mgf</parameter>
<parameter name="upload_file_mapping">lib-00002.mgf|speclibs/GNPS-COLLECTIONS-PESTICIDES-NEGATIVE/GNPS-COLLECTIONS-PESTICIDES-NEGATIVE.mgf</parameter>
<parameter name="upload_file_mapping">lib-00003.mgf|speclibs/MASSBANK/MASSBANK.mgf</parameter>
<parameter name="upload_file_mapping">lib-00004.mgf|speclibs/GNPS-NIH-CLINICALCOLLECTION1/GNPS-NIH-CLINICALCOLLECTION1.mgf</parameter>
<parameter name="upload_file_mapping">lib-00005.mgf|speclibs/HMDB/HMDB.mgf</parameter>
<parameter name="upload_file_mapping">lib-00006.mgf|speclibs/DEREPLICATOR_IDENTIFIED_LIBRARY/DEREPLICATOR_IDENTIFIED_LIBRARY.mgf</parameter>
<parameter name="upload_file_mapping">lib-00007.mgf|speclibs/GNPS-SELLECKCHEM-FDA-PART1/GNPS-SELLECKCHEM-FDA-PART1.mgf</parameter>
<parameter name="upload_file_mapping">lib-00008.mgf|speclibs/RESPECT/RESPECT.mgf</parameter>
<parameter name="upload_file_mapping">lib-00009.mgf|speclibs/GNPS-FAULKNERLEGACY/GNPS-FAULKNERLEGACY.mgf</parameter>
<parameter name="upload_file_mapping">lib-00010.mgf|speclibs/MASSBANKEU/MASSBANKEU.mgf</parameter>
<parameter name="upload_file_mapping">lib-00011.mgf|speclibs/GNPS-LIBRARY/GNPS-LIBRARY.mgf</parameter>
<parameter name="upload_file_mapping">lib-00012.mgf|speclibs/GNPS-PRESTWICKPHYTOCHEM/GNPS-PRESTWICKPHYTOCHEM.mgf</parameter>
<parameter name="upload_file_mapping">lib-00013.mgf|speclibs/GNPS-EMBL-MCF/GNPS-EMBL-MCF.mgf</parameter>
<parameter name="upload_file_mapping">lib-00014.mgf|speclibs/GNPS-NIH-CLINICALCOLLECTION2/GNPS-NIH-CLINICALCOLLECTION2.mgf</parameter>
<parameter name="upload_file_mapping">lib-00015.mgf|speclibs/GNPS-NIH-SMALLMOLECULEPHARMACOLOGICALLYACTIVE/GNPS-NIH-SMALLMOLECULEPHARMACOLOGICALLYACTIVE.mgf</parameter>
<parameter name="upload_file_mapping">lib-00016.mgf|speclibs/GNPS-SELLECKCHEM-FDA-PART2/GNPS-SELLECKCHEM-FDA-PART2.mgf</parameter>
<parameter name="upload_file_mapping">lib-00017.mgf|speclibs/GNPS-COLLECTIONS-PESTICIDES-POSITIVE/GNPS-COLLECTIONS-PESTICIDES-POSITIVE.mgf</parameter>
<parameter name="upload_file_mapping">lib-00018.mgf|speclibs/GNPS-NIH-NATURALPRODUCTSLIBRARY_ROUND2_NEGATIVE/GNPS-NIH-NATURALPRODUCTSLIBRARY_ROUND2_NEGATIVE.mgf</parameter>
<parameter name="upload_file_mapping">lib-00019.mgf|speclibs/PNNL-LIPIDS/PNNL-LIPIDS-POSITIVE.mgf</parameter>
<parameter name="upload_file_mapping">lib-00020.mgf|speclibs/PNNL-LIPIDS/PNNL-LIPIDS-NEGATIVE.mgf</parameter>
<parameter name="upload_file_mapping">lib-00021.mgf|speclibs/GNPS-COLLECTIONS-MISC/GNPS-COLLECTIONS-MISC.mgf</parameter>
<parameter name="upload_file_mapping">lib-00022.mgf|speclibs/GNPS-NIH-NATURALPRODUCTSLIBRARY/GNPS-NIH-NATURALPRODUCTSLIBRARY.mgf</parameter>
<parameter name="upload_file_mapping">lib-00023.mgf|speclibs/CASMI/CASMI.mgf</parameter>
<parameter name="upload_file_mapping">lib-00024.mgf|speclibs/MONA/MONA.mgf</parameter>
<parameter name="upload_file_mapping">lib-00025.mgf|speclibs/GNPS-NIST14-MATCHES/GNPS-NIST14-MATCHES.mgf</parameter>
<parameter name="upload_file_mapping">lib-00026.mgf|staticlibs/NIST_17/NIST17_library.mgf</parameter>
<parameter name="upload_file_mapping">lib-00027.mgf|staticlibs/Metlin/metlin_library.mgf</parameter>
<parameter name="upload_file_mapping">lib-00028.mgf|staticlibs/Lipidblast/LipidBlast_Posi_Plasma_vs2.mgf</parameter>
<parameter name="upload_file_mapping">lib-00029.mgf|staticlibs/Lipidblast/LipidBlast_Nega_Algae_vs5.mgf</parameter>
<parameter name="upload_file_mapping">lib-00030.mgf|staticlibs/Lipidblast/LipidBlast_Nega_Plasma_vs2.mgf</parameter>
<parameter name="upload_file_mapping">lib-00031.mgf|staticlibs/Lipidblast/LipidBlast_Posi_Algae_vs11.mgf</parameter>
<parameter name="user">lfnothias</parameter>
<parameter name="uuid">1E031284-0345-0001-5BCD-A350137083C0</parameter>
<parameter name="workflow">METABOLOMICS-SNETS-V2</parameter>
</parameters>
